PAMUUC ref,Supplier ref,Product,Category,GSM,Colours,Sizes,Base garment cost,Dearest band cost,Fixed costs,Price 25+,Price 50+,Price 100+,Price 250+,Price 500+,Size/colour surcharge,Dearest band,Deco upgrade large 25+,Deco upgrade large 50+,Deco upgrade large 100+,Deco upgrade large 250+,Deco upgrade large 500+,Margin 25+ as listed,Margin 50+ as listed,Margin 100+ as listed,Margin 250+ as listed,Margin 500+ as listed
MP-0001,STAU029,Baby Bib,Accessories,210.0,2,1,2.95,2.95,1.40,14.05,13.45,11.80,10.30,9.55,—,—,3.38,3.14,2.51,1.94,1.65,35.6%,35.7%,35.7%,35.6%,35.6%
MP-0002,STAU893,Bucket Hat,Accessories,300.0,3,2,7.25,7.25,1.40,20.70,20.10,18.45,16.95,16.20,—,—,3.38,3.14,2.51,1.94,1.65,35.5%,35.6%,35.6%,35.5%,35.5%
MP-0003,STAU892,Duffle Bag,Accessories,300.0,3,1,14.90,14.90,1.40,32.60,31.95,30.30,28.80,28.10,—,—,3.38,3.14,2.51,1.94,1.65,35.6%,35.5%,35.5%,35.5%,35.6%
MP-0004,STAU297,Fielder,Accessories,,4,1,,,1.40,On request,On request,On request,On request,On request,,,,,,,,,,,,
MP-0005,STAU771,Fisherman Beanie,Accessories,,11,1,7.10,7.30,1.40,20.50,19.85,18.20,16.75,16.00,0.31,OS Essential Heathers,3.38,3.14,2.51,1.94,1.65,35.6%,35.5%,35.5%,35.6%,35.6%
MP-0006,STAU296,Fisherman Beanie 2.0,Accessories,,8,1,7.10,7.30,1.40,20.50,19.85,18.20,16.75,16.00,0.31,OS Essential Heathers,3.38,3.14,2.51,1.94,1.65,35.6%,35.5%,35.5%,35.6%,35.6%
MP-0007,STAU763,Gym Bag,Accessories,300.0,3,1,5.75,5.75,1.40,18.40,17.75,16.15,14.65,13.90,—,—,3.38,3.14,2.51,1.94,1.65,35.6%,35.5%,35.7%,35.6%,35.6%
MP-0008,STAU891,Hip Bag,Accessories,300.0,3,1,9.00,9.75,1.40,23.45,22.80,21.15,19.70,18.95,1.16,OS Essential Heathers,3.38,3.14,2.51,1.94,1.65,35.6%,35.5%,35.5%,35.6%,35.6%
MP-0009,STAU773,Light Tote Bag,Accessories,160.0,18,1,2.17,2.17,1.40,12.85,12.20,10.60,9.10,8.35,—,—,3.38,3.14,2.51,1.94,1.65,35.6%,35.5%,35.8%,35.7%,35.7%
MP-0010,STAU116,Mid Tote bag,Accessories,220.0,21,1,3.50,3.50,1.40,14.90,14.30,12.65,11.15,10.40,—,—,3.38,3.14,2.51,1.94,1.65,35.6%,35.7%,35.7%,35.6%,35.6%
MP-0011,STAU764,Pencil Case,Accessories,300.0,2,1,3.25,3.25,1.40,14.50,13.90,12.25,10.75,10.00,—,—,3.38,3.14,2.51,1.94,1.65,35.5%,35.6%,35.6%,35.5%,35.5%
MP-0012,STAU772,Rib Beanie,Accessories,,10,1,6.95,7.20,1.40,20.25,19.65,18.00,16.50,15.75,0.39,OS Essential Heathers,3.38,3.14,2.51,1.94,1.65,35.6%,35.6%,35.6%,35.6%,35.6%
MP-0013,STAU295,Rib Beanie 2.0,Accessories,,9,1,6.95,7.20,1.40,20.25,19.65,18.00,16.50,15.75,0.39,OS Essential Heathers,3.38,3.14,2.51,1.94,1.65,35.6%,35.6%,35.6%,35.6%,35.6%
MP-0014,STAU117,Shopping bag 2.0,Accessories,400.0,16,1,6.15,6.15,1.40,19.00,18.40,16.75,15.25,14.50,—,—,3.38,3.14,2.51,1.94,1.65,35.5%,35.6%,35.6%,35.5%,35.5%
MP-0015,STAU760,Tote Bag,Accessories,300.0,5,1,3.95,3.95,1.40,15.60,15.00,13.35,11.85,11.10,—,—,3.38,3.14,2.51,1.94,1.65,35.6%,35.7%,35.7%,35.6%,35.6%
MP-0016,STJU844,Bomber,Outerwear,145.0,3,8,,,1.40,On request,On request,On request,On request,On request,,,,,,,,,,,,
MP-0017,STJU251,Bomber 2.0,Outerwear,240.0,3,8,46.15,46.15,1.40,81.00,80.40,78.75,77.25,76.50,—,—,3.38,3.14,2.51,1.94,1.65,35.5%,35.5%,35.5%,35.5%,35.5%
MP-0018,STJU248,Brooker,Outerwear,450.0,5,8,41.65,41.65,1.40,74.05,73.40,71.75,70.30,69.55,—,—,3.38,3.14,2.51,1.94,1.65,35.5%,35.5%,35.5%,35.5%,35.5%
MP-0019,STJU294,Chore Jacket,Outerwear,379.0,3,8,,,1.40,On request,On request,On request,On request,On request,,,,,,,,,,,,
MP-0020,STJU833,Coacher,Outerwear,75.0,4,8,27.60,27.60,1.40,52.25,51.65,50.00,48.50,47.75,—,—,3.38,3.14,2.51,1.94,1.65,35.5%,35.5%,35.5%,35.5%,35.5%
MP-0021,STJU879,Coacher AOP,Outerwear,75.0,1,8,,,1.40,On request,On request,On request,On request,On request,,,,,,,,,,,,
MP-0022,STJU846,Commuter,Outerwear,75.0,10,10,27.95,33.50,1.40,52.80,52.20,50.55,49.05,48.30,8.60,4XL - 5XL Colors,3.38,3.14,2.51,1.94,1.65,35.5%,35.5%,35.5%,35.5%,35.5%
MP-0023,STJU289,Drifter,Outerwear,118.0,7,10,,,1.40,On request,On request,On request,On request,On request,,,,,,,,,,,,
MP-0024,STJU249,Liner,Outerwear,450.0,5,8,35.70,35.70,1.40,64.80,64.20,62.55,61.05,60.30,—,—,3.38,3.14,2.51,1.94,1.65,35.5%,35.5%,35.5%,35.5%,35.5%
MP-0025,STJU883,Outsider,Outerwear,350.0,3,8,,,1.40,On request,On request,On request,On request,On request,,,,,,,,,,,,
MP-0026,STJU841,Padded Parker,Outerwear,75.0,3,8,55.85,55.85,1.40,96.05,95.45,93.80,92.30,91.55,—,—,3.38,3.14,2.51,1.94,1.65,35.5%,35.5%,35.5%,35.5%,35.5%
MP-0027,STJU840,Puffer,Outerwear,75.0,4,8,66.65,66.65,1.40,112.80,112.15,110.50,109.05,108.30,—,—,3.38,3.14,2.51,1.94,1.65,35.5%,35.5%,35.5%,35.5%,35.5%
MP-0028,STJU292,Puffer 2.0,Outerwear,38.0,5,8,66.65,66.65,1.40,112.80,112.15,110.50,109.05,108.30,—,—,3.38,3.14,2.51,1.94,1.65,35.5%,35.5%,35.5%,35.5%,35.5%
MP-0029,STJU250,Puffer Gilet,Outerwear,75.0,3,8,41.85,41.85,1.40,74.35,73.75,72.10,70.60,69.85,—,—,3.38,3.14,2.51,1.94,1.65,35.5%,35.5%,35.5%,35.5%,35.5%
MP-0030,STJU293,Puffer Gilet 2.0,Outerwear,38.0,4,8,41.85,41.85,1.40,74.35,73.75,72.10,70.60,69.85,—,—,3.38,3.14,2.51,1.94,1.65,35.5%,35.5%,35.5%,35.5%,35.5%
MP-0031,STJU834,Speeder,Outerwear,75.0,8,8,33.20,33.20,1.40,60.95,60.30,58.70,57.20,56.45,—,—,3.38,3.14,2.51,1.94,1.65,35.5%,35.5%,35.5%,35.5%,35.5%
MP-0032,STJU878,Speeder AOP,Outerwear,75.0,1,8,,,1.40,On request,On request,On request,On request,On request,,,,,,,,,,,,
MP-0033,STJM189,Stanley Climber 2.0,Outerwear,38.0,11,8,32.05,38.45,1.40,59.15,58.55,56.90,55.40,54.65,9.92,4XL - 5XL Colors,3.38,3.14,2.51,1.94,1.65,35.5%,35.5%,35.5%,35.5%,35.5%
MP-0034,STJM158,Stanley Discoverer,Outerwear,342.0,4,8,49.40,59.30,1.40,86.05,85.45,83.80,82.30,81.55,15.34,4XL - 5XL Colors,3.38,3.14,2.51,1.94,1.65,35.5%,35.5%,35.5%,35.5%,35.5%
MP-0035,STJM238,Stanley Guider,Outerwear,300.0,8,8,20.85,25.05,1.40,41.80,41.20,39.55,38.05,37.30,6.51,4XL - 5XL Colors,3.38,3.14,2.51,1.94,1.65,35.5%,35.6%,35.5%,35.5%,35.5%
MP-0036,STJM167,Stanley Navigator,Outerwear,342.0,4,8,45.50,54.60,1.40,80.00,79.40,77.75,76.25,75.50,14.11,4XL - 5XL Colors,3.38,3.14,2.51,1.94,1.65,35.5%,35.5%,35.5%,35.5%,35.5%
MP-0037,STJM240,Stanley Quester,Outerwear,300.0,8,8,18.05,21.65,1.40,37.45,36.85,35.20,33.70,32.95,5.58,4XL - 5XL Colors,3.38,3.14,2.51,1.94,1.65,35.5%,35.5%,35.5%,35.5%,35.5%
MP-0038,STJM290,Stanley Stormer,Outerwear,142.0,8,8,,,1.40,On request,On request,On request,On request,On request,,,,,,,,,,,,
MP-0039,STJM235,Stanley Trail Blazer,Outerwear,315.0,4,8,34.85,41.85,1.40,63.50,62.90,61.25,59.75,59.00,10.85,4XL - 5XL Colors,3.38,3.14,2.51,1.94,1.65,35.5%,35.5%,35.5%,35.5%,35.5%
MP-0040,STJM188,Stanley Voyager 2.0,Outerwear,38.0,11,8,47.60,57.10,1.40,83.25,82.65,81.00,79.50,78.75,14.72,4XL - 5XL Colors,3.38,3.14,2.51,1.94,1.65,35.5%,35.5%,35.5%,35.5%,35.5%
MP-0041,STJW190,Stella Climber 2.0,Outerwear,38.0,12,7,32.05,38.45,1.40,59.15,58.55,56.90,55.40,54.65,9.92,3XL Colors,3.38,3.14,2.51,1.94,1.65,35.5%,35.5%,35.5%,35.5%,35.5%
MP-0042,STJW159,Stella Discoverer,Outerwear,342.0,4,6,49.40,49.40,1.40,86.05,85.45,83.80,82.30,81.55,—,—,3.38,3.14,2.51,1.94,1.65,35.5%,35.5%,35.5%,35.5%,35.5%
MP-0043,STJW239,Stella Guider,Outerwear,300.0,8,6,20.85,20.85,1.40,41.80,41.20,39.55,38.05,37.30,—,—,3.38,3.14,2.51,1.94,1.65,35.5%,35.6%,35.5%,35.5%,35.5%
MP-0044,STJW166,Stella Navigator,Outerwear,342.0,4,6,45.35,45.35,1.40,79.75,79.15,77.50,76.00,75.30,—,—,3.38,3.14,2.51,1.94,1.65,35.5%,35.5%,35.5%,35.5%,35.5%
MP-0045,STJW241,Stella Quester,Outerwear,300.0,8,6,18.05,18.05,1.40,37.45,36.85,35.20,33.70,32.95,—,—,3.38,3.14,2.51,1.94,1.65,35.5%,35.5%,35.5%,35.5%,35.5%
MP-0046,STJW291,Stella Stormer,Outerwear,142.0,8,7,,,1.40,On request,On request,On request,On request,On request,,,,,,,,,,,,
MP-0047,STJW236,Stella Trail Blazer,Outerwear,315.0,4,6,34.85,34.85,1.40,63.50,62.90,61.25,59.75,59.00,—,—,3.38,3.14,2.51,1.94,1.65,35.5%,35.5%,35.5%,35.5%,35.5%
MP-0048,STJW191,Stella Voyager 2.0,Outerwear,38.0,12,7,47.60,57.10,1.40,83.25,82.65,81.00,79.50,78.75,14.72,3XL Colors,3.38,3.14,2.51,1.94,1.65,35.5%,35.5%,35.5%,35.5%,35.5%
MP-0049,STJU849,Tracker,Outerwear,115.0,3,8,,,1.40,On request,On request,On request,On request,On request,,,,,,,,,,,,
MP-0050,STJU242,Trekker,Outerwear,300.0,3,8,34.85,34.85,1.40,63.50,62.90,61.25,59.75,59.00,—,—,3.38,3.14,2.51,1.94,1.65,35.5%,35.5%,35.5%,35.5%,35.5%
MP-0051,STBB187,Baby Tumbler,Pants & shorts,280.0,6,4,9.75,11.70,1.40,24.60,23.95,22.35,20.85,20.10,3.02,6/12-24/36 Special Heathers,3.38,3.14,2.51,1.94,1.65,35.6%,35.5%,35.6%,35.6%,35.6%
MP-0052,STBU276,Barreler,Pants & shorts,400.0,2,7,,,1.40,On request,On request,On request,On request,On request,,,,,,,,,,,,
MP-0053,STBU944,Boarder Dry,Pants & shorts,400.0,5,8,19.70,20.85,1.40,40.00,39.40,37.75,36.25,35.50,1.78,XXS-3XL Essential Heathers,3.38,3.14,2.51,1.94,1.65,35.5%,35.5%,35.5%,35.5%,35.5%
MP-0054,STBU157,Jammer Dry,Pants & shorts,400.0,4,8,29.15,30.90,1.40,54.65,54.05,52.40,50.90,50.15,2.71,XXS-3XL Essential Heathers,3.38,3.14,2.51,1.94,1.65,35.5%,35.5%,35.5%,35.5%,35.5%
MP-0055,STBK102,Mini Bolter,Pants & shorts,280.0,5,5,11.90,13.05,1.40,27.90,27.30,25.65,24.15,23.45,1.78,3/4 - 12/13 Essential Heathers,3.38,3.14,2.51,1.94,1.65,35.5%,35.5%,35.5%,35.5%,35.6%
MP-0056,STSK183,Mini Mover 2.0,Pants & shorts,300.0,4,5,15.00,16.50,1.40,32.75,32.10,30.45,29.00,28.25,2.33,3/4 - 12/13 Essential Heathers,3.38,3.14,2.51,1.94,1.65,35.6%,35.5%,35.5%,35.6%,35.6%
MP-0057,STBU185,Mover 2.0,Pants & shorts,350.0,8,8,22.15,23.76,1.40,43.80,43.20,41.55,40.05,39.30,2.50,XXS-3XL Essential Heathers,3.38,3.14,2.51,1.94,1.65,35.5%,35.5%,35.5%,35.5%,35.5%
MP-0058,STBU576,Mover Vintage,Pants & shorts,300.0,3,8,27.45,27.45,1.40,52.05,51.40,49.75,48.30,47.55,—,—,3.38,3.14,2.51,1.94,1.65,35.5%,35.5%,35.5%,35.5%,35.5%
MP-0059,STBU274,Needer,Pants & shorts,280.0,3,8,18.20,18.95,1.40,37.70,37.05,35.45,33.95,33.20,1.16,XXS-3XL Essential Heathers,3.38,3.14,2.51,1.94,1.65,35.5%,35.5%,35.6%,35.6%,35.5%
MP-0060,STBU186,Trainer 2.0,Pants & shorts,300.0,6,8,16.45,17.30,1.40,35.00,34.35,32.70,31.25,30.50,1.32,XXS-3XL Essential Heathers,3.38,3.14,2.51,1.94,1.65,35.6%,35.5%,35.5%,35.6%,35.6%
MP-0061,STPU252,Coaster Vintage,Polos,185.0,3,8,11.50,11.50,1.40,27.30,26.70,25.05,23.55,22.80,—,—,3.38,3.14,2.51,1.94,1.65,35.5%,35.6%,35.6%,35.5%,35.5%
MP-0062,STPK908,Mini Sprinter,Polos,220.0,8,5,8.60,9.60,1.40,22.80,22.20,20.55,19.05,18.30,1.55,3/4 - 12/13 Essential Heathers,3.38,3.14,2.51,1.94,1.65,35.5%,35.6%,35.6%,35.5%,35.5%
MP-0063,STPU222,Prepster 2.0,Polos,240.0,28,10,11.35,15.90,1.40,27.05,26.45,24.80,23.30,22.60,7.05,4XL - 5XL Essential Heathers,3.38,3.14,2.51,1.94,1.65,35.5%,35.5%,35.5%,35.5%,35.6%
MP-0064,STPU223,Prepster 2.0 Long Sleeve,Polos,240.0,11,8,13.10,14.75,1.40,29.80,29.15,27.50,26.05,25.30,2.56,XXS-3XL Essential Heathers,3.38,3.14,2.51,1.94,1.65,35.6%,35.5%,35.5%,35.6%,35.6%
MP-0065,STPU332,Prepster Long Sleeve,Polos,230.0,13,8,,,1.40,On request,On request,On request,On request,On request,,,,,,,,,,,,
MP-0066,STPM224,Stanley Coaster,Polos,185.0,18,8,8.00,11.10,1.40,21.90,21.25,19.60,18.15,17.40,4.80,4XL - 5XL Essential Heathers,3.38,3.14,2.51,1.94,1.65,35.6%,35.5%,35.5%,35.6%,35.6%
MP-0067,STPW977,Stella Coaster,Polos,185.0,18,7,8.00,11.10,1.40,21.90,21.25,19.60,18.15,17.40,4.80,3XL Essential Heathers,3.38,3.14,2.51,1.94,1.65,35.6%,35.5%,35.5%,35.6%,35.6%
MP-0068,STPW333,Stella Elliser,Polos,200.0,11,6,,,1.40,On request,On request,On request,On request,On request,,,,,,,,,,,,
MP-0069,STWU287,Palmer,Shirts,440.0,2,6,,,1.40,On request,On request,On request,On request,On request,,,,,,,,,,,,
MP-0070,STWM967,Stanley Denim Shirt,Shirts,235.0,2,8,22.10,26.55,1.40,43.75,43.10,41.45,40.00,39.25,6.90,4XL - 5XL Colors,3.38,3.14,2.51,1.94,1.65,35.5%,35.5%,35.5%,35.5%,35.5%
MP-0071,STWM968,Stanley Oxford Shirt,Shirts,190.0,6,8,21.70,26.10,1.40,43.10,42.50,40.85,39.35,38.60,6.82,4XL - 5XL Whites,3.38,3.14,2.51,1.94,1.65,35.5%,35.5%,35.5%,35.5%,35.5%
MP-0072,STWM969,Stanley Styler Shirt,Shirts,130.0,6,8,21.00,25.25,1.40,42.05,41.40,39.75,38.30,37.55,6.59,4XL - 5XL Whites,3.38,3.14,2.51,1.94,1.65,35.6%,35.5%,35.5%,35.6%,35.6%
MP-0073,STWW970,Stella Denim Shirt,Shirts,235.0,2,7,22.10,26.55,1.40,43.75,43.10,41.45,40.00,39.25,6.90,3XL Colors,3.38,3.14,2.51,1.94,1.65,35.5%,35.5%,35.5%,35.5%,35.5%
MP-0074,STWW288,Stella Ember,Shirts,440.0,2,3,,,1.40,On request,On request,On request,On request,On request,,,,,,,,,,,,
MP-0075,STWW270,Stella Harper,Shirts,130.0,2,3,21.05,21.05,1.40,42.10,41.50,39.85,38.35,37.60,—,—,3.38,3.14,2.51,1.94,1.65,35.5%,35.5%,35.5%,35.5%,35.5%
MP-0076,STWW971,Stella Oxford Shirt,Shirts,190.0,6,7,21.70,26.10,1.40,43.10,42.50,40.85,39.35,38.60,6.82,3XL Whites,3.38,3.14,2.51,1.94,1.65,35.5%,35.5%,35.5%,35.5%,35.5%
MP-0077,STWW973,Stella Styler Shirt,Shirts,130.0,6,6,21.00,21.00,1.40,42.05,41.40,39.75,38.30,37.55,—,—,3.38,3.14,2.51,1.94,1.65,35.6%,35.5%,35.5%,35.6%,35.6%
MP-0078,STWU975,Worker,Shirts,285.0,5,6,25.05,25.05,1.40,48.30,47.70,46.05,44.55,43.80,—,—,3.38,3.14,2.51,1.94,1.65,35.5%,35.5%,35.5%,35.5%,35.5%
MP-0079,STSU011,Archer,Sweatshirts,300.0,14,8,20.90,21.95,1.40,41.85,41.25,39.60,38.10,37.40,1.63,XXS-3XL Essential Heathers,3.38,3.14,2.51,1.94,1.65,35.5%,35.5%,35.5%,35.5%,35.6%
MP-0080,STSU040,Archer Vintage,Sweatshirts,300.0,5,8,27.70,27.70,1.40,52.40,51.80,50.15,48.65,47.90,—,—,3.38,3.14,2.51,1.94,1.65,35.5%,35.5%,35.5%,35.5%,35.5%
MP-0081,STSU261,Astor,Sweatshirts,320.0,3,8,32.25,33.65,1.40,59.45,58.85,57.20,55.70,54.95,2.17,XXS-3XL Essential Heathers,3.38,3.14,2.51,1.94,1.65,35.5%,35.5%,35.5%,35.5%,35.5%
MP-0082,STSB920,Baby Changer,Sweatshirts,280.0,9,4,9.15,11.45,1.40,23.65,23.05,21.40,19.90,19.15,3.56,6/12-24/36 Special Heathers,3.38,3.14,2.51,1.94,1.65,35.5%,35.6%,35.6%,35.5%,35.5%
MP-0083,STSB105,Baby Connector,Sweatshirts,280.0,9,4,11.60,13.90,1.40,27.45,26.85,25.20,23.70,22.95,3.57,6/12-24/36 Special Heathers,3.38,3.14,2.51,1.94,1.65,35.5%,35.6%,35.6%,35.5%,35.5%
MP-0084,STSB919,Baby Cruiser,Sweatshirts,280.0,4,4,11.25,11.60,1.40,26.90,26.30,24.65,23.15,22.40,0.54,6/12-24/36 Essential Heathers,3.38,3.14,2.51,1.94,1.65,35.5%,35.6%,35.5%,35.5%,35.5%
MP-0085,STSU178,Changer 2.0,Sweatshirts,350.0,47,10,17.15,21.35,1.40,36.05,35.45,33.80,32.30,31.55,6.51,4XL - 5XL Essential Heathers,3.38,3.14,2.51,1.94,1.65,35.5%,35.5%,35.5%,35.5%,35.5%
MP-0086,STSU077,Chaser,Sweatshirts,280.0,17,8,20.90,21.75,1.40,41.85,41.25,39.60,38.10,37.40,1.32,XXS-3XL Essential Heathers,3.38,3.14,2.51,1.94,1.65,35.5%,35.5%,35.5%,35.5%,35.6%
MP-0087,STSU282,Chaser Vintage,Sweatshirts,300.0,4,8,,,1.40,On request,On request,On request,On request,On request,,,,,,,,,,,,
MP-0088,STSU820,Connector,Sweatshirts,300.0,14,9,,,1.40,On request,On request,On request,On request,On request,,,,,,,,,,,,
MP-0089,STSU207,Connector 2.0,Sweatshirts,300.0,7,8,23.95,26.35,1.40,46.60,46.00,44.35,42.85,42.10,3.72,XXS-3XL Essential Heathers,3.38,3.14,2.51,1.94,1.65,35.5%,35.5%,35.5%,35.5%,35.5%
MP-0090,STSU797,Cooper Dry,Sweatshirts,400.0,13,8,33.20,35.05,1.40,60.95,60.30,58.70,57.20,56.45,2.87,XXS-3XL Essential Heathers,3.38,3.14,2.51,1.94,1.65,35.5%,35.5%,35.5%,35.5%,35.5%
MP-0091,STSU177,Cruiser 2.0,Sweatshirts,350.0,51,10,22.35,27.65,1.40,44.10,43.50,41.85,40.35,39.65,8.21,4XL - 5XL Essential Heathers,3.38,3.14,2.51,1.94,1.65,35.5%,35.5%,35.5%,35.5%,35.6%
MP-0092,STSM566,Cultivator,Sweatshirts,350.0,7,10,,,1.40,On request,On request,On request,On request,On request,,,,,,,,,,,,
MP-0093,STSU179,Cultivator 2.0,Sweatshirts,350.0,21,10,25.95,32.10,1.40,49.70,49.10,47.45,45.95,45.20,9.53,4XL - 5XL Essential Heathers,3.38,3.14,2.51,1.94,1.65,35.5%,35.5%,35.5%,35.5%,35.5%
MP-0094,STSU168,Drummer 2.0,Sweatshirts,280.0,28,10,18.10,20.70,1.40,37.55,36.90,35.25,33.80,33.05,4.03,4XL - 5XL Essential Heathers,3.38,3.14,2.51,1.94,1.65,35.6%,35.5%,35.5%,35.6%,35.6%
MP-0095,STSU279,Former,Sweatshirts,500.0,2,8,,,1.40,On request,On request,On request,On request,On request,,,,,,,,,,,,
MP-0096,STSU275,Fronter,Sweatshirts,400.0,3,7,,,1.40,On request,On request,On request,On request,On request,,,,,,,,,,,,
MP-0097,STSU956,Hygger Sherpa,Sweatshirts,300.0,6,8,44.00,46.40,1.40,77.70,77.05,75.40,73.95,73.20,3.72,XXS-3XL Essential Heathers,3.38,3.14,2.51,1.94,1.65,35.5%,35.5%,35.5%,35.5%,35.5%
MP-0098,STSU201,Knoxer,Sweatshirts,400.0,6,8,26.45,27.80,1.40,50.50,49.85,48.20,46.75,46.00,2.09,XXS-3XL Essential Heathers,3.38,3.14,2.51,1.94,1.65,35.5%,35.5%,35.5%,35.6%,35.5%
MP-0099,STSU798,Ledger Dry,Sweatshirts,400.0,10,8,26.00,27.75,1.40,49.80,49.15,47.50,46.05,45.30,2.71,XXS-3XL Essential Heathers,3.38,3.14,2.51,1.94,1.65,35.5%,35.5%,35.5%,35.5%,35.5%
MP-0100,STSU953,Locker Heavy,Sweatshirts,500.0,4,8,,,1.40,On request,On request,On request,On request,On request,,,,,,,,,,,,
MP-0101,STSU799,Matcher,Sweatshirts,300.0,14,8,16.20,17.20,1.40,34.60,33.95,32.35,30.85,30.10,1.55,XXS-3XL Essential Heathers,3.38,3.14,2.51,1.94,1.65,35.5%,35.5%,35.6%,35.6%,35.5%
MP-0102,STSU085,Matcher Vintage,Sweatshirts,300.0,5,8,22.75,22.75,1.40,44.75,44.10,42.50,41.00,40.25,—,—,3.38,3.14,2.51,1.94,1.65,35.5%,35.5%,35.6%,35.5%,35.5%
MP-0103,STSU795,Miller Dry,Sweatshirts,400.0,6,8,28.85,30.50,1.40,54.20,53.60,51.95,50.45,49.70,2.56,XXS-3XL Essential Heathers,3.38,3.14,2.51,1.94,1.65,35.5%,35.5%,35.5%,35.5%,35.5%
MP-0104,STSK181,Mini Changer 2.0,Sweatshirts,300.0,19,5,12.75,15.30,1.40,29.25,28.60,27.00,25.50,24.75,3.95,3/4 - 12/13 Special Heathers,3.38,3.14,2.51,1.94,1.65,35.6%,35.5%,35.6%,35.6%,35.6%
MP-0105,STSK180,Mini Cruiser 2.0,Sweatshirts,300.0,30,5,15.40,18.50,1.40,33.35,32.75,31.10,29.60,28.85,4.80,3/4 - 12/13 Special Heathers,3.38,3.14,2.51,1.94,1.65,35.5%,35.6%,35.6%,35.5%,35.5%
MP-0106,STSK182,Mini Cultivator 2.0,Sweatshirts,300.0,9,5,18.35,20.15,1.40,37.90,37.30,35.65,34.15,33.45,2.79,3/4 - 12/13 Essential Heathers,3.38,3.14,2.51,1.94,1.65,35.5%,35.5%,35.5%,35.5%,35.6%
MP-0107,STSU205,Mixer,Sweatshirts,280.0,14,10,21.35,26.90,1.40,42.55,41.95,40.30,38.80,38.10,8.60,4XL - 5XL Essential Heathers,3.38,3.14,2.51,1.94,1.65,35.5%,35.5%,35.5%,35.5%,35.6%
MP-0108,STSU273,Proper,Sweatshirts,280.0,3,8,,,1.40,On request,On request,On request,On request,On request,,,,,,,,,,,,
MP-0109,STSU800,RE-Cruiser,Sweatshirts,350.0,3,8,22.35,22.35,1.40,44.10,43.50,41.85,40.35,39.65,—,—,3.38,3.14,2.51,1.94,1.65,35.5%,35.5%,35.5%,35.5%,35.6%
MP-0110,STSU208,Radder 2.0,Sweatshirts,350.0,17,8,20.85,21.90,1.40,41.80,41.20,39.55,38.05,37.30,1.63,XXS-3XL Essential Heathers,3.38,3.14,2.51,1.94,1.65,35.5%,35.6%,35.5%,35.5%,35.5%
MP-0111,STSU210,Radder 2.0 Vintage,Sweatshirts,380.0,5,8,24.65,24.65,1.40,47.70,47.05,45.40,43.95,43.20,—,—,3.38,3.14,2.51,1.94,1.65,35.5%,35.5%,35.5%,35.5%,35.5%
MP-0112,STSU866,Radder Heavy,Sweatshirts,500.0,4,8,,,1.40,On request,On request,On request,On request,On request,,,,,,,,,,,,
MP-0113,STSU868,Roller,Sweatshirts,280.0,30,10,14.29,18.32,1.40,31.65,31.00,29.35,27.90,27.15,6.25,4XL - 5XL Essential Heathers,3.38,3.14,2.51,1.94,1.65,35.6%,35.5%,35.5%,35.6%,35.6%
MP-0114,STSU255,Ryler,Sweatshirts,400.0,5,8,20.90,20.90,1.40,41.85,41.25,39.60,38.10,37.40,—,—,3.38,3.14,2.51,1.94,1.65,35.5%,35.5%,35.5%,35.5%,35.6%
MP-0115,STSU278,Sculpter,Sweatshirts,500.0,2,8,,,1.40,On request,On request,On request,On request,On request,,,,,,,,,,,,
MP-0116,STSU209,Slammer 2.0,Sweatshirts,350.0,17,8,26.45,27.80,1.40,50.50,49.85,48.20,46.75,46.00,2.09,XXS-3XL Essential Heathers,3.38,3.14,2.51,1.94,1.65,35.5%,35.5%,35.5%,35.6%,35.5%
MP-0117,STSU211,Slammer 2.0 vintage,Sweatshirts,380.0,5,8,31.80,31.80,1.40,58.75,58.15,56.50,55.00,54.25,—,—,3.38,3.14,2.51,1.94,1.65,35.5%,35.5%,35.5%,35.5%,35.5%
MP-0118,STSU867,Slammer Heavy,Sweatshirts,500.0,4,8,,,1.40,On request,On request,On request,On request,On request,,,,,,,,,,,,
MP-0119,STSU229,Sounder,Sweatshirts,280.0,9,8,20.85,21.90,1.40,41.80,41.20,39.55,38.05,37.30,1.63,XXS-3XL Essential Heathers,3.38,3.14,2.51,1.94,1.65,35.5%,35.6%,35.5%,35.5%,35.5%
MP-0120,STSU257,Stanley Gamechanger,Sweatshirts,350.0,11,10,22.35,27.60,1.40,44.10,43.50,41.85,40.35,39.65,8.14,4XL-5XL Essential Heathers,3.38,3.14,2.51,1.94,1.65,35.5%,35.5%,35.5%,35.5%,35.6%
MP-0121,STSU269,Stanley Thinker,Sweatshirts,350.0,11,10,17.15,21.40,1.40,36.05,35.45,33.80,32.30,31.55,6.59,4XL-5XL Essential Heathers,3.38,3.14,2.51,1.94,1.65,35.5%,35.5%,35.5%,35.5%,35.5%
MP-0122,STSM611,Stanley Trucker,Sweatshirts,300.0,6,6,,,1.40,On request,On request,On request,On request,On request,,,,,,,,,,,,
MP-0123,STSW212,Stella Alma,Sweatshirts,300.0,23,6,16.10,19.30,1.40,34.45,33.80,32.15,30.70,29.95,4.96,XS-2XL Special Heathers,3.38,3.14,2.51,1.94,1.65,35.6%,35.5%,35.5%,35.6%,35.6%
MP-0124,STSW284,Stella Alma Vintage,Sweatshirts,320.0,4,6,,,1.40,On request,On request,On request,On request,On request,,,,,,,,,,,,
MP-0125,STSW132,Stella Bower,Sweatshirts,300.0,5,5,,,1.40,On request,On request,On request,On request,On request,,,,,,,,,,,,
MP-0126,STSW217,Stella Clara,Sweatshirts,300.0,14,6,15.25,18.30,1.40,33.10,32.50,30.85,29.35,28.60,4.73,XS-2XL Special Heathers,3.38,3.14,2.51,1.94,1.65,35.5%,35.5%,35.5%,35.5%,35.5%
MP-0127,STSW873,Stella Cropster,Sweatshirts,300.0,7,6,,,1.40,On request,On request,On request,On request,On request,,,,,,,,,,,,
MP-0128,STSW125,Stella Dazzler,Sweatshirts,300.0,14,6,,,1.40,On request,On request,On request,On request,On request,,,,,,,,,,,,
MP-0129,STSW268,Stella Gamechanger,Sweatshirts,350.0,12,7,22.35,23.55,1.40,44.10,43.50,41.85,40.35,39.65,1.86,XS-3XL Essential Heathers,3.38,3.14,2.51,1.94,1.65,35.5%,35.5%,35.5%,35.5%,35.6%
MP-0130,STSW214,Stella Ida,Sweatshirts,300.0,7,6,23.10,24.25,1.40,45.30,44.65,43.00,41.55,40.80,1.78,XS-2XL Essential Heathers,3.38,3.14,2.51,1.94,1.65,35.5%,35.5%,35.5%,35.5%,35.5%
MP-0131,STSW262,Stella Lianna,Sweatshirts,320.0,5,6,20.35,22.35,1.40,41.00,40.40,38.75,37.25,36.55,3.10,XS-3XL Essential Heathers,3.38,3.14,2.51,1.94,1.65,35.5%,35.5%,35.5%,35.5%,35.6%
MP-0132,STSW213,Stella Nora,Sweatshirts,300.0,23,6,20.85,25.05,1.40,41.80,41.20,39.55,38.05,37.30,6.51,XS-2XL Special Heathers,3.38,3.14,2.51,1.94,1.65,35.5%,35.6%,35.5%,35.5%,35.5%
MP-0133,STSW285,Stella Nora Vintage,Sweatshirts,320.0,4,6,,,1.40,On request,On request,On request,On request,On request,,,,,,,,,,,,
MP-0134,STSW218,Stella Paloma,Sweatshirts,300.0,10,3,22.10,23.25,1.40,43.75,43.10,41.45,40.00,39.25,1.78,S-M-L Essential Heathers,3.38,3.14,2.51,1.94,1.65,35.5%,35.5%,35.5%,35.5%,35.5%
MP-0135,STDW143,Stella Streeter,Sweatshirts,300.0,5,6,,,1.40,On request,On request,On request,On request,On request,,,,,,,,,,,,
MP-0136,STSW254,Stella Thinker,Sweatshirts,350.0,12,7,17.15,18.20,1.40,36.05,35.45,33.80,32.30,31.55,1.63,XS-3XL Essential Heathers,3.38,3.14,2.51,1.94,1.65,35.5%,35.5%,35.5%,35.5%,35.5%
MP-0137,STSU202,Striker,Sweatshirts,400.0,6,8,33.60,35.30,1.40,61.55,60.95,59.30,57.80,57.05,2.63,XXS-3XL Special Heathers,3.38,3.14,2.51,1.94,1.65,35.5%,35.5%,35.5%,35.5%,35.5%
MP-0138,STSU253,Trailer 2.0,Sweatshirts,280.0,8,10,21.25,26.80,1.40,42.40,41.80,40.15,38.65,37.90,8.60,4XL-5XL Essential Heathers,3.38,3.14,2.51,1.94,1.65,35.5%,35.5%,35.5%,35.5%,35.5%
MP-0139,STSU204,Trucker 2.0,Sweatshirts,280.0,8,10,21.00,26.45,1.40,42.05,41.40,39.75,38.30,37.55,8.45,4XL - 5XL Essential Heathers,3.38,3.14,2.51,1.94,1.65,35.6%,35.5%,35.5%,35.6%,35.6%
MP-0140,STSU256,Voicer,Sweatshirts,400.0,5,8,25.25,25.25,1.40,48.60,48.00,46.35,44.85,44.10,—,—,3.38,3.14,2.51,1.94,1.65,35.5%,35.5%,35.5%,35.5%,35.5%
MP-0141,STTU078,Asher,T-shirts,280.0,9,8,11.60,13.45,1.40,27.45,26.85,25.20,23.70,22.95,2.87,XXS-3XL Essential Heathers,3.38,3.14,2.51,1.94,1.65,35.5%,35.6%,35.6%,35.5%,35.5%
MP-0142,STUB103,Baby Body,T-shirts,210.0,10,6,4.55,6.40,1.40,16.55,15.90,14.25,12.80,12.05,2.87,0/3 - 18/24 Special Heathers,3.38,3.14,2.51,1.94,1.65,35.6%,35.5%,35.5%,35.7%,35.7%
MP-0143,STTB918,Baby Creator,T-shirts,155.0,12,5,3.65,4.65,1.40,15.15,14.50,12.85,11.40,10.65,1.55,0/6-24/36 Special Heathers,3.38,3.14,2.51,1.94,1.65,35.6%,35.5%,35.5%,35.7%,35.7%
MP-0144,STTU263,Blaker,T-shirts,155.0,4,8,7.70,8.95,1.40,21.40,20.80,19.15,17.65,16.90,1.94,XXS-3XL Essential Heathers,3.38,3.14,2.51,1.94,1.65,35.5%,35.6%,35.6%,35.5%,35.5%
MP-0145,STTU959,Blaster 2.0,T-shirts,200.0,12,8,8.00,10.10,1.40,21.90,21.25,19.60,18.15,17.40,3.25,XXS-3XL Essential Heathers,3.38,3.14,2.51,1.94,1.65,35.6%,35.5%,35.5%,35.6%,35.6%
MP-0146,STTU964,Breezer,T-shirts,155.0,16,8,5.10,6.05,1.40,17.40,16.75,15.10,13.65,12.90,1.47,XXS-3XL Essential Heathers,3.38,3.14,2.51,1.94,1.65,35.6%,35.5%,35.5%,35.7%,35.7%
MP-0147,STTU170,Crafter,T-shirts,155.0,41,10,4.40,6.10,1.40,16.30,15.70,14.05,12.55,11.80,2.63,4XL - 5XL Essential Heathers,3.38,3.14,2.51,1.94,1.65,35.6%,35.7%,35.7%,35.6%,35.6%
MP-0148,STTU976,Crafter Vintage,T-shirts,155.0,8,8,7.85,7.85,1.40,21.65,21.05,19.40,17.90,17.15,—,—,3.38,3.14,2.51,1.94,1.65,35.6%,35.6%,35.6%,35.6%,35.6%
MP-0149,STTU169,Creator 2.0,T-shirts,180.0,58,10,5.15,7.85,1.40,17.45,16.85,15.20,13.70,12.95,4.18,4XL - 5XL Essential Heathers,3.38,3.14,2.51,1.94,1.65,35.5%,35.6%,35.6%,35.5%,35.5%
MP-0150,STTU199,Creator 2.0 Long Sleeve,T-shirts,180.0,12,10,7.30,9.25,1.40,20.80,20.20,18.55,17.05,16.30,3.02,4XL - 5XL Colors,3.38,3.14,2.51,1.94,1.65,35.6%,35.6%,35.6%,35.6%,35.6%
MP-0151,STTU788,Freestyler,T-shirts,240.0,22,8,10.55,12.40,1.40,25.85,25.20,23.55,22.10,21.35,2.87,XXS-3XL Essential Heathers,3.38,3.14,2.51,1.94,1.65,35.6%,35.5%,35.5%,35.6%,35.6%
MP-0152,STTU200,Freestyler Long Sleeve,T-shirts,240.0,10,8,12.65,14.65,1.40,29.10,28.45,26.80,25.35,24.60,3.10,XXS-3XL Special Heathers,3.38,3.14,2.51,1.94,1.65,35.6%,35.5%,35.5%,35.6%,35.6%
MP-0153,STTU280,Freestyler Super Vintage,T-shirts,240.0,2,8,,,1.40,On request,On request,On request,On request,On request,,,,,,,,,,,,
MP-0154,STTU073,Freestyler Vintage,T-shirts,240.0,8,8,12.55,12.55,1.40,28.95,28.30,26.65,25.20,24.45,—,—,3.38,3.14,2.51,1.94,1.65,35.6%,35.5%,35.5%,35.6%,35.6%
MP-0155,STTU277,Hazener,T-shirts,370.0,3,8,,,1.40,On request,On request,On request,On request,On request,,,,,,,,,,,,
MP-0156,STTU258,Hypster,T-shirts,200.0,7,8,8.00,8.40,1.40,21.90,21.25,19.60,18.15,17.40,0.62,XXS-3XL Colors,3.38,3.14,2.51,1.94,1.65,35.6%,35.5%,35.5%,35.6%,35.6%
MP-0157,STTK184,Mini Creator 2.0,T-shirts,155.0,31,5,3.80,4.95,1.40,15.35,14.75,13.10,11.60,10.85,1.78,3/4 - 12/13 Special Heathers,3.38,3.14,2.51,1.94,1.65,35.5%,35.6%,35.6%,35.5%,35.5%
MP-0158,STTU787,RE-Creator,T-shirts,180.0,3,8,5.55,5.55,1.40,18.10,17.45,15.80,14.35,13.60,—,—,3.38,3.14,2.51,1.94,1.65,35.6%,35.5%,35.5%,35.7%,35.7%
MP-0159,STTU272,Reeser,T-shirts,220.0,6,8,,,1.40,On request,On request,On request,On request,On request,,,,,,,,,,,,
MP-0160,STTU758,Rocker,T-shirts,150.0,5,10,3.62,6.13,1.40,15.10,14.45,12.85,11.35,10.60,3.89,4XL - 5XL Essential Heathers,3.38,3.14,2.51,1.94,1.65,35.6%,35.5%,35.7%,35.7%,35.7%
MP-0161,STTM558,Shifts Dry,T-shirts,200.0,8,8,,,1.40,On request,On request,On request,On request,On request,,,,,,,,,,,,
MP-0162,STTU171,Sparker 2.0,T-shirts,215.0,27,8,7.80,10.60,1.40,21.55,20.95,19.30,17.80,17.05,4.34,XXS-3XL Special Heathers,3.38,3.14,2.51,1.94,1.65,35.5%,35.6%,35.5%,35.5%,35.5%
MP-0163,STTM562,Stanley Presenter,T-shirts,155.0,3,5,6.60,7.45,1.40,19.70,19.10,17.45,15.95,15.20,1.32,S-XXL Colors,3.38,3.14,2.51,1.94,1.65,35.5%,35.6%,35.6%,35.5%,35.5%
MP-0164,STTM560,Stanley Shuffler,T-shirts,180.0,4,6,,,1.40,On request,On request,On request,On request,On request,,,,,,,,,,,,
MP-0165,STTM961,Stanley Stancer,T-shirts,180.0,5,6,5.00,5.75,1.40,17.25,16.60,14.95,13.50,12.75,1.16,S-3XL Essential Heathers,3.38,3.14,2.51,1.94,1.65,35.7%,35.5%,35.5%,35.7%,35.7%
MP-0166,STTW963,Stella Ava,T-shirts,180.0,8,6,4.70,5.40,1.40,16.75,16.15,14.50,13.00,12.25,1.09,XS-XXL Essential Heathers,3.38,3.14,2.51,1.94,1.65,35.5%,35.6%,35.6%,35.5%,35.5%
MP-0167,STTW089,Stella Collider,T-shirts,155.0,7,6,7.25,10.20,1.40,20.70,20.10,18.45,16.95,16.20,4.57,XS-XXL Special Heathers,3.38,3.14,2.51,1.94,1.65,35.5%,35.6%,35.6%,35.5%,35.5%
MP-0168,STTW038,Stella Dancer,T-shirts,120.0,5,5,,,1.40,On request,On request,On request,On request,On request,,,,,,,,,,,,
MP-0169,STTW013,Stella Dreamer,T-shirts,120.0,2,6,,,1.40,On request,On request,On request,On request,On request,,,,,,,,,,,,
MP-0170,STTW174,Stella Ella,T-shirts,180.0,11,6,5.20,6.05,1.40,17.55,16.90,15.30,13.80,13.05,1.32,XS-3XL Essential Heathers,3.38,3.14,2.51,1.94,1.65,35.6%,35.5%,35.7%,35.7%,35.6%
MP-0171,STTW264,Stella Etta,T-shirts,155.0,6,6,5.95,6.95,1.40,18.70,18.10,16.45,14.95,14.20,1.55,XS-3XL Essential Heathers,3.38,3.14,2.51,1.94,1.65,35.6%,35.6%,35.6%,35.6%,35.6%
MP-0172,STTW079,Stella Expresser 2.0,T-shirts,155.0,23,7,4.45,6.15,1.40,16.40,15.75,14.10,12.65,11.90,2.64,3XL Essential Heathers,3.38,3.14,2.51,1.94,1.65,35.7%,35.6%,35.5%,35.7%,35.7%
MP-0173,STTW176,Stella Isla,T-shirts,155.0,10,6,4.70,5.55,1.40,16.75,16.15,14.50,13.00,12.25,1.32,XS-XXL Essential Heathers,3.38,3.14,2.51,1.94,1.65,35.5%,35.6%,35.6%,35.5%,35.5%
MP-0174,STTW962,Stella Mia,T-shirts,155.0,7,6,4.55,5.25,1.40,16.55,15.90,14.25,12.80,12.05,1.09,XS-XXL Essential Heathers,3.38,3.14,2.51,1.94,1.65,35.6%,35.5%,35.5%,35.7%,35.7%
MP-0175,STTW084,Stella Minter,T-shirts,155.0,10,6,,,1.40,On request,On request,On request,On request,On request,,,,,,,,,,,,
MP-0176,STTW172,Stella Muser,T-shirts,180.0,37,7,5.15,6.75,1.40,17.45,16.85,15.20,13.70,12.95,2.48,3XL Colors,3.38,3.14,2.51,1.94,1.65,35.5%,35.6%,35.6%,35.5%,35.5%
MP-0177,STTW219,Stella Muser Long Sleeve,T-shirts,180.0,11,7,7.30,9.25,1.40,20.80,20.20,18.55,17.05,16.30,3.02,3XL Colors,3.38,3.14,2.51,1.94,1.65,35.6%,35.6%,35.6%,35.6%,35.6%
MP-0178,STTW175,Stella Nova,T-shirts,155.0,10,6,5.85,6.80,1.40,18.55,17.95,16.30,14.80,14.05,1.47,XS-XXL Essential Heathers,3.38,3.14,2.51,1.94,1.65,35.6%,35.7%,35.6%,35.6%,35.6%
MP-0179,STTW283,Stella Nova Vintage,T-shirts,155.0,4,6,,,1.40,On request,On request,On request,On request,On request,,,,,,,,,,,,
MP-0180,STTW259,Stella Raya,T-shirts,200.0,5,6,6.65,7.00,1.40,19.80,19.15,17.50,16.05,15.30,0.54,XS-3XL Colors,3.38,3.14,2.51,1.94,1.65,35.6%,35.5%,35.5%,35.6%,35.6%
MP-0181,STTW112,Stella Rounder Slub,T-shirts,130.0,5,5,,,1.40,On request,On request,On request,On request,On request,,,,,,,,,,,,
MP-0182,STTW173,Stella Serena,T-shirts,155.0,21,6,4.40,5.55,1.40,16.30,15.70,14.05,12.55,11.80,1.78,XS-XXL Special Heathers,3.38,3.14,2.51,1.94,1.65,35.6%,35.7%,35.7%,35.6%,35.6%
MP-0183,STTW021,Stella Singer,T-shirts,120.0,3,5,,,1.40,On request,On request,On request,On request,On request,,,,,,,,,,,,
MP-0184,STDW144,Stella Spinner,T-shirts,180.0,5,6,,,1.40,On request,On request,On request,On request,On request,,,,,,,,,,,,
